{
  "token_level_accuracy": 0.4190325712501429,
  "sequence_level_accuracy": 0.008655624188535231,
  "bleu": 0.10725429442142884
}